Session ID,Date,Position,Survival Time (s),Max Level,Total Kills,Entry Price,Exit Price,PnL at Death (%),Avg Difficulty,Max Difficulty,Max Streak,Cards Picked
session_1766097217173_qf37gsslf,2025-12-18T22:33:37.173Z,LONG,75,4,33,85603.99,85607.44,0.00,1.68,2.41,11,3
session_1766097301611_ki0kvbwib,2025-12-18T22:35:01.611Z,SHORT,50,3,25,85542.82,85554.07,-0.01,1.69,2.23,11,2
session_1766105984795_w6cb63dde,2025-12-19T00:59:44.795Z,LONG,256,12,7,85561.20,85394.55,-0.19,2.53,6.45,2,11
session_1766132149645_k67ml88rh,2025-12-19T08:15:49.645Z,LONG,58,3,25,87934.94,87976.05,0.05,1.65,2.11,9,2
session_1766132409264_e8g9bbmut,2025-12-19T08:20:09.264Z,LONG,61,3,26,87918.92,87915.51,-0.00,1.72,2.17,8,2
session_1766132839274_gxqfrg1yv,2025-12-19T08:27:19.274Z,LONG,913,4,2,87908.44,87916.97,0.01,2.15,8.00,1,3
session_1766135038674_0da276ktt,2025-12-19T09:03:58.674Z,LONG,93,5,47,87940.33,87952.01,0.01,1.94,3.65,12,4
session_1766135341580_2rmoz03xx,2025-12-19T09:09:01.580Z,LONG,78,4,34,87940.04,87999.24,0.07,1.72,2.89,11,3
session_1766135426177_07bhiys1b,2025-12-19T09:10:26.177Z,LONG,322,3,15,87949.99,87908.19,-0.05,1.83,4.03,5,2
session_1766135758885_gchzzx9a6,2025-12-19T09:15:58.885Z,LONG,16,1,7,87854.74,87879.21,0.03,1.55,1.72,7,0
session_1766135787805_5tlf717z3,2025-12-19T09:16:27.805Z,LONG,148,4,34,87876.00,87958.01,0.09,1.93,2.62,25,3
session_1766136998118_zazgvfxmr,2025-12-19T09:36:38.118Z,LONG,81,4,32,88000.05,87955.09,-0.05,1.74,2.36,7,3
session_1766137562764_fsavy7nek,2025-12-19T09:46:02.764Z,LONG,106,3,18,88039.67,87999.13,-0.05,1.61,2.14,10,2
session_1766140754880_r5out58a2,2025-12-19T10:39:14.880Z,LONG,15,1,5,88000.82,87985.97,-0.02,1.42,1.78,5,0
session_1766141856458_ssaj6xx62,2025-12-19T10:57:36.458Z,LONG,115,6,9,88288.81,88259.93,-0.03,2.33,4.42,17,5
session_1766141978677_0zmxzge4v,2025-12-19T10:59:38.677Z,LONG,65,4,0,88230.01,88187.05,-0.05,1.68,2.28,10,3
session_1766142046180_2ya12v19b,2025-12-19T11:00:46.180Z,LONG,18,1,0,88170.16,88178.04,0.01,1.49,1.72,7,0
session_1766144436697_vmp02n20z,2025-12-19T11:40:36.697Z,LONG,41,3,206,88190.00,88228.91,0.04,1.58,1.97,175,2
session_1766144720362_i3p9hr3m4,2025-12-19T11:45:20.362Z,LONG,50,2,10,88258.55,88243.99,-0.02,1.59,2.66,6,1
session_1766145160286_a4v9it0vr,2025-12-19T11:52:40.286Z,LONG,58,3,188,88183.42,88227.13,0.05,1.67,2.37,104,2